Buque;Matricula;EMPRESA;Tipo Buque;Dias marea Esti.;Fax Empresa;Localidad;Propietario;Correo Empresa ;AGENCIA MARITIMA;Telefono;Mail;Telefono Armador 
7 de Diciembre;;;fresquero;30;;Mar del Plata;;;Consultora Maritima;4895032;operacionesconsultoramaritima@gmail.com;4895032 -Emanuel 155597896
ACRUX;03086A;;tangonero;30;;;2do_Propietario;;;;;
ACRUX;03086;DE ANGELIS Y LOGGHE S.A.;tangonero;30;;Mar del Plata;;;;;;
ALDEBARAN;01741A;ROTELLO 1741 S.A.;fresquero;30;489-2873;Mar del Plata;2do_Propietario;;;;;
ALDEBARAN;01741;PESQUERA SAN ROQUE;fresquero;30;480-0573;Mar del Plata;;;;;;
ALTALENA;0181;MARONTI  S.A.;fresquero;30;;Mar del Plata;;;Agencia Simonazzi ;4800005;agenciasimonazzi@hotmail.com;
ALVAREZ ENTRENA I;02454;CONARPESA  S.A.;tangonero;30;0280-445-1731 / 445-4536;Puerto Madryn;;;;;;
ALVAREZ ENTRENA II;02465;CONARPESA  S.A.;tangonero;30;0280-445-1731 / 445-4536;Puerto Madryn;;;;;;
ALVAREZ ENTRENA III;02379;CONARPESA  S.A.;tangonero;30;0280-445-1731 / 445-4536;Puerto Madryn;;;;;;
ALVAREZ ENTRENA IV;02635;CONARPESA  S.A.;tangonero;30;0280-445-1731 / 445-4536;Puerto Madryn;;;;;;
ALVAREZ ENTRENA VI;01;CONARPESA  S.A.;tangonero;30;0280-445-1731 / 445-4536;Puerto Madryn;;;;;;
AMBITION;01324;PESQUERA TRES MARIAS  S.A.;fresquero;30;480-0336;Mar del Plata;;;;;;
ANITA ;3;SOLIMENO;fresquero;;;Mar del Plata;;;;;;
ANA III;278;POSEIDON  S.A.;tangonero;30;0280-445-7786;Puerto Madryn;;;;;;
ANABELLA  M;0175;PESCAPUERTA ARGENTINA  S.A.;cong_merlucero;60;0280-445-4407;Puerto Madryn;;;;;;
ANDRES JORGE;1065;MARONTI  S.A.;fresquero;30;;Mar del Plata;2do_Propietario;Noelia -  223-156047118;;;;
ANGELUS;01953;PESQUERA CRUZ DEL SUR  S.A.;potero;40;011-4784-1760;Ciudad Autónoma de Buenos Aires;;;;;;
ANITA ALVAREZ;02138;CONARPESA  S.A.;tangonero;30;0280-445-1731 / 445-4536;Puerto Madryn;;;;;;
ANTARTIC  I;0232;ESTREMAR  S.A.;palangrero;60;011-6533-7853 / 4345-1102;Ciudad Autónoma de Buenos Aires;;;;;;
ANTARTIC II;0263;ESTREMAR  S.A.;palangrero;60;011-6533-7853 / 4345-1102;Ciudad Autónoma de Buenos Aires;;;;;;
ANTARTIC III;0262;ESTREMAR  S.A.;palangrero;60;011-6533-7853 / 4345-1102;Ciudad Autónoma de Buenos Aires;;;;;;
ANTARTIDA;0678;IBERCONSA  DE ARGENTINA  S.A.;cong_merlucero;60;0280-445-4324;Puerto Madryn;;;Servicio Maritimo Integral;4891227;serviciosmaritimosmdq@gmail.com;
ANTONINO;0877;AGLIPESCA  S.A.;fresquero;30;480-2886;Mar del Plata;;;;;;
ANTONIO ALVAREZ;01429;CONARPESA  S.A.;tangonero;30;0280-445-1731 / 445-4536;Puerto Madryn;;;;;;
API II;0679;IBERCONSA  DE ARGENTINA  S.A.;cong_merlucero;60;0280-445-4324;Puerto Madryn;;;;;;
API IV;0680;IBERCONSA  DE ARGENTINA  S.A.;cong_merlucero;60;0280-445-4324;Puerto Madryn;;;;;;
API V;02781;IBERCONSA  DE ARGENTINA  S.A.;cong_merlucero;60;0280-445-4324;Puerto Madryn;;;;;;
API VI;02812;IBERCONSA  DE ARGENTINA  S.A.;tangonero;40;0280-445-4324;Puerto Madryn;;;;;;
API VII;03081;IBERCONSA  DE ARGENTINA  S.A.;cong_merlucero;60;0280-445-4324;Puerto Madryn;;;;;;
ARBUMASA  X;6183;ARBUMASA  S.A.;tangonero;30;0297-487-2807 / 444-5338 / 444-1201;Puerto Deseado;;;;;;
ARBUMASA XIX;06440;ARBUMASA  S.A.;tangonero;30;0297-487-2807 / 444-5338 / 444-1201;Puerto Deseado;;;;;;
ARBUMASA  XVII;0216;ARBUMASA  S.A.;tangonero;30;0297-487-2807 / 444-5338 / 444-1201;Puerto Deseado;;;;;;
ARBUMASA XIV;0213;ARBUMASA  S.A.;tangonero;30;0297-487-2807 / 444-5338 / 444-1201;Puerto Deseado;;;;;;
ARBUMASA XV;214;ARBUMASA  S.A.;tangonero;30;;;;;;;;
ARBUMASA XVI;0215;ARBUMASA  S.A.;tangonero;30;0297-487-2807 / 444-5338 / 444-1201;Puerto Deseado;;;;;;
ARBUMASA XVIII;0217;ARBUMASA  S.A.;tangonero;30;0297-487-2807 / 444-5338 / 444-1201;Puerto Deseado;;;Agencia Maritima Solvox ;4893758;miguel-visoso@hotmail.com;Miguel o Lorena 154062254
ARBUMASA XXIX;02561A;MARONTI  S.A.;potero;40;;Mar del Plata;2do_Propietario;;Agencia Simonazzi ;4800005;agenciasimonazzi@hotmail.com;
ARBUMASA XXIX;02561;BAL - FISH  S.A.;potero;40;489-6522;Mar del Plata;;;;;;
ARBUMASA XXVI;01958;ARBUMASA  S.A.;potero;40;0297-487-2807 / 444-5338 / 444-1201;Puerto Deseado;;;Agencia Maritima Solvox ;4893758;miguel-visoso@hotmail.com;Miguel o Lorena 154062254
ARBUMASA XXVII;02057;BAL - FISH  S.A.;potero;40;489-6522;Mar del Plata;;;;;;
ARBUMASA XXVIII;02569;ARBUMASA  S.A.;potero;40;0297-487-2807 / 444-5338 / 444-1201;Puerto Deseado;;;;;;
ARCANGEL;79;CALME  S.A.;potero;40;480-3545;Mar del Plata;;;;;;
ARESIT;02265A;PESQUERA DESEADO  S.A.;tangonero;30;0297-487-0884 / 0327 / 2407;Puerto Deseado;2do_Propietario;;;;;
ARESIT;02265;HARENGUS  S.A.;tangonero;30;0280-445-0822;Puerto Madryn;;;Agencia Port Services SRL ;4808331/4808332;marinamdq@speedy.com.ar;Schang Tristan 223-156874028
ARGENOVA I;02180;ARGENOVA  S.A.;tangonero;30;0297- 487-0550  (447-2818  Com. Riv );Puerto Deseado;;;Agencia Port Services SRL ;4808331/4808332;marinamdq@speedy.com.ar;Schang Tristan 223-156874028
ARGENOVA IV;02157A;ARGENOVA  S.A.;tangonero;30;0297- 487-0550  (447-2818  Com. Riv );Puerto Deseado;2do_Propietario;;;;;
ARGENOVA IV;02157;MAR DE LAS PALMAS  S.A.;;0;0297-487-2112;Puerto Deseado;;;Agencia Port Services SRL ;4808331/4808332;marinamdq@speedy.com.ar;Schang Tristan 223-156874028
ARGENOVA X;02329;ARGENOVA  S.A.;tangonero;30;0297- 487-0550  (447-2818  Com. Riv );Puerto Deseado;;;Agencia Port Services SRL ;4808331/4808332;marinamdq@speedy.com.ar;Schang Tristan 223-156874028
ARGENOVA XI;02199;ARGENOVA  S.A.;palangrero;60;0297- 487-0550  (447-2818  Com. Riv );Puerto Deseado;;;Agencia Port Services SRL ;4808331/4808332;marinamdq@speedy.com.ar;Schang Tristan 223-156874028
ARGENOVA XXI;02661;ARGENOVA  S.A.;cong_austral;60;0297- 487-0550  (447-2818  Com. Riv );Puerto Deseado;;;Agencia Port Services SRL ;4808331/4808332;marinamdq@speedy.com.ar;Schang Tristan 223-156874028
ARGENOVA XXII;02714;ARGENOVA  S.A.;tangonero;40;0297- 487-0550  (447-2818  Com. Riv );Puerto Deseado;;;Agencia Port Services SRL ;4808331/4808332;marinamdq@speedy.com.ar;Schang Tristan 223-156874028
ARGENOVA XXIII;02713;ARGENOVA  S.A.;tangonero;30;0297- 487-0550  (447-2818  Com. Riv );Puerto Deseado;;;Agencia Port Services SRL ;4808331/4808332;marinamdq@speedy.com.ar;Schang Tristan 223-156874028
ARGENOVA XXIV;02752;ARGENOVA  S.A.;tangonero;30;0297- 487-0550  (447-2818  Com. Riv );Puerto Deseado;;;Agencia Port Services SRL ;4808331/4808332;marinamdq@speedy.com.ar;Schang Tristan 223-156874028
ARGENOVA XXV;028011;ARGENOVA  S.A.;tangonero;30;0297- 487-0550  (447-2818  Com. Riv );Puerto Deseado;;;Agencia Port Services SRL ;4808331/4808332;marinamdq@speedy.com.ar;Schang Tristan 223-156874028
ARGENOVA XXVI;02849;ARGENOVA  S.A.;tangonero;30;0297- 487-0550  (447-2818  Com. Riv );Puerto Deseado;;;Agencia Port Services SRL ;4808331/4808332;marinamdq@speedy.com.ar;Schang Tristan 223-156874028
ARGENOVA II;02177;ARGENOVA  S.A.;tangonero;30;0297- 487-0550  (447-2818  Com. Riv );Puerto Deseado;;;Agencia Port Services SRL ;4808331/4808332;marinamdq@speedy.com.ar;Schang Tristan 223-156874028
ARGENOVA III;02156;ARGENOVA  S.A.;tangonero;30;0297- 487-0550  (447-2818  Com. Riv );Puerto Deseado;;;;;;
ARGENOVA IX;02328;ARGENOVA  S.A.;tangonero;30;0297- 487-0550  (447-2818  Com. Riv );Puerto Deseado;;;Agencia Port Services SRL ;4808331/4808332;marinamdq@speedy.com.ar;Schang Tristan 223-156874028
ARGENOVA XII;0199;ARGENOVA  S.A.;palangrero;60;0297- 487-0550  (447-2818  Com. Riv );Puerto Deseado;;;Agencia Port Services SRL ;4808331/4808332;marinamdq@speedy.com.ar;Schang Tristan 223-156874028
ARGENOVA XIV;0197;ARGENOVA  S.A.;palangrero;60;0297- 487-0550  (447-2818  Com. Riv );Puerto Deseado;;;Agencia Port Services SRL ;4808331/4808332;marinamdq@speedy.com.ar;Schang Tristan 223-156874028
ARGENOVA XV;0198;ARGENOVA  S.A.;palangrero;60;0297- 487-0550  (447-2818  Com. Riv );Puerto Deseado;;;Agencia Maritima Almafitano ;4800274;amalfitanoycia@hotmail.com;Esteban Palestini 15530-6373
ARGENTINO;0142;PESQUERA VERAZ  S.A.;fresquero;30;489-4624 / 489-0314 (astillero);Mar del Plata;;;;;;
ARKOFISH;0236;CONARPESA  S.A.;potero;40;0280-445-1731 / 445-4536;Puerto Madryn;;;;;;
ARKOFISH I;6004;CONARPESA  S.A.;potero;40;0280-445-1731 / 445-4536;Puerto Madryn;;;;;;
ARRUFO;0540;LUIS SOLIMENO e HIJOS  S.A.;tangonero;30;489-3030;Mar del Plata;;;;;;
ASUDEPES II;6363;ASUDEPES  S.A.;potero;40;011-4383-9756;Ciudad Autónoma de Buenos Aires;;;;;;
ASUDEPES III;6062;ASUDEPES  S.A.;potero;40;011-4383-9756;Ciudad Autónoma de Buenos Aires;;;;;;
ATLANTIC EXPRESS;02936;WANCHESE ARGENTINA  S.A.;Trampero;30;489-1236;Mar del Plata;;;;;;
ATLANTIC SURF I;0350;GLACIAR PESQUERA  S.A.;vieira;40;492-2216;Mar del Plata;;;Agencia Maritima Vidal;4890960;agencia@maritimavidal.com.ar;
ATLANTIC SURF III;02030;GLACIAR PESQUERA  S.A.;vieira;60;492-2216;Mar del Plata;;;Agencia Maritima Almafitano ;4800274;amalfitanoycia@hotmail.com;Esteban Palestini 15530-6373
ATREVIDO;0145;PESQUERA VERAZ  S.A.;fresquero;30;489-4624 / 489-0314 (astillero);Mar del Plata;;;Agencia Simonazzi Hugo Omar ;4800005;agenciasimonazzi@hotmail.com;
AURORA;02581A;FOOD ARTS  S.A.;potero;40;POR MAILlazuaje@foodarts.com.ar;Ciudad Autónoma de Buenos Aires;2do_Propietario;;;;;
AURORA;02581;KALEU KALEU  S.A.;potero;40;011-3220-2130  / 5093-1215;Ciudad Autónoma de Buenos Aires;;;;;;
BAHIA DESVELOS;0665;PESQUERA SANTA CRUZ  S.A.;tangonero;30;011-4305-4706;Ciudad Autónoma de Buenos Aires;;carlos.vazquez@iberconsa.com / ivan.mauri@iberconsa.com;;;;
BEAGLE I;6052A;NIETOS de ANTONIO BALDINO;cong_merlucero;60;480-1639  /  489-0423;Mar del Plata;2do_Propietario;;;;;
BEAGLE I;6052;YUKEN  S.A.;cong_merlucero;60;011-5279-1302 / 5236-6069;Ciudad Autónoma de Buenos Aires;;;Agencia Maritima Smiriglio;4891553-154179360-154179860-154179062;agenciasmiriglio@speedy.com.ar;
BELVEDERE;01398;PRINMAR  S.A. Buque Motor Belvedere;fresquero;30;480-0883;Mar del Plata;;;;;;
BOGAVANTE SEGUNDO;02994;IBERCONSA  DE ARGENTINA  S.A.;tangonero;30;0280-445-4324;Puerto Madryn;;;;;;
BONFIGLIO;01234;COSTA BRAVA  S.A.;costero;10;489-7538;Mar del Plata;;;;;;
BORRASCA;01095;LUIS SOLIMENO e HIJOS  S.A.;tangonero;30;489-3030;Mar del Plata;;;;;;
BOUCIÑA;01637A;BRICEL S.A.;tangonero;30;;Mar del Plata;2do_Propietario;;;;;
BOUCIÑA;01637;CALME  S.A.;fresquero;30;480-3545;Mar del Plata;;;Agencia Simonazzi Hugo Omar ;4800005;agenciasimonazzi@hotmail.com;
BUENA PESCA;01475;PEDRO MOSCUZZA e HIJOS  S.A.;tangonero;30;489-7287;Mar del Plata;;;;;;
CABO BUEN TIEMPO;025A;BUENOS AIRES PESCA  S.A.;fresquero;30;489-6522;Mar del Plata;2do_Propietario;;;;;
CABO BUEN TIEMPO;025;ALPESCA  S.A.;fresquero;30;0280-447-4958 / 45-1069;Puerto Madryn;;;;;;
CABO BUENA ESPERANZA;02482;UNIVERSAL PESQUERA  SRL;fresquero;30;489-0352;Mar del Plata;;;;;;
CABO DE HORNOS;01537;MILANI Y PATANE  S.A.;tangonero;30;;Mar del Plata;;;;;;
CABO DOS BAHIAS;02483;ALPESCA  S.A.;fresquero;30;0280-447-4958 / 45-1069;Puerto Madryn;;;;;;
CABO SAN JUAN;023A;BUENOS AIRES PESCA  S.A.;fresquero;30;489-6522;Mar del Plata;2do_Propietario;;;;;
CABO SAN JUAN;023;ALPESCA  S.A.;fresquero;30;0280-447-4958 / 45-1069;Puerto Madryn;;;;;;
CABO SAN SEBASTIAN;022;ALPESCA  S.A.;fresquero;30;0280-447-4958 / 45-1069;Puerto Madryn;;;;;;
CABO TRES PUNTAS;01483;OSTRAMAR  S.A.;fresquero;30;489-1959;Mar del Plata;;;;;;
CABO VIRGENES;024;ALPESCA  S.A.;fresquero;30;0280-447-4958 / 45-1069;Puerto Madryn;;;;;;
CALABRIA;0567;CONARPESA  S.A.;costero;4;0280-445-1731 / 445-4536;Puerto Madryn;;;;;;
CALIZ;02809;FLOTA AMARILLA RAWSON;costero;4;;Rawson;;;;;;
CALLEJA;06276;OTESA  S.A.;costero;10;493-5606;Mar del Plata;;;;;;
CAMERIGE;01406;PESQUERA  MARGARITA  S.A.;fresquero;30;489-4645   /   489-2946;Mar del Plata;;;Agencia Maritima SMIRIGLIO;4891553-154179360-154179860-154179062;agenciasmiriglio@speedy.com.ar;Ezequiel Dicostanzo 0223-6950740
CANAL DE BEAGLE;0407;CANAL DE BEAGLE  S.R.L.;fresquero;30;480-4447;Mar del Plata;;;;;;
CAPESANTE;02929;GLACIAR PESQUERA  S.A.;vieira;40;492-2216;Mar del Plata;;;;;;
CAPITAN CANEPA;059F;INIDEP;Investigación;28;451-7442 ó 486-2586 int 162;Mar del Plata;buque_investigación;;;;;
CAPITAN GIACHINO;0151;KALARI S.A.;tangonero;30;489-1959;Mar del Plata;;;;;;
CAPITAN OCA BALDA;060F;INIDEP;Investigación;21;451-7442 ó 486-2586 int 162;Mar del Plata;buque_investigación;;;;;
CARMEN A;02045;FLOTA AMARILLA RAWSON;costero;4;;Rawson;;;;;;
CAROLINA P;0176;ESTRELLA PATAGONICA S.A.;cong_austral;60;0280-445-4407;Puerto Madryn;;;;;;
CEIBE DOUS;0336;IBERCONSA  DE ARGENTINA  S.A.;potero;40;0280-445-4324;Puerto Madryn;;;Agencia Maritima Almafitano ;4800274;amalfitanoycia@hotmail.com;Esteban Palestini 15530-6373
CENTAURO 2000;0482;PESQUERA VERAZ  S.A.;fresquero;30;489-4624 / 489-0314 (astillero);Mar del Plata;;;;;;
CENTURION DEL ATLANTICO;0237;ESTREMAR  S.A.;cong_austral;60;011-6533-7853 / 4345-1102;Ciudad Autónoma de Buenos Aires;;;;;;
CERES;01420;PESQUERA CERES  S.A.;cong_merlucero;60;410-0051 / 7;Mar del Plata;;;;;;
CHANG BO GO I;06190;ARPEPA  M.C.I.S.A.;potero;40;011-4382-1605;Ciudad Autónoma de Buenos Aires;;;;;;
CHATKA I;02893;FOOD PARTNERS PATAGONIA S.A.;fresquero;30;0280-4458579 / 5225;Puerto Madryn;;;;;;
CHIARPESCA 56;01090;APOLO FISH  S.A.;fresquero;30;489-4519 / 489-1133;Mar del Plata;;;;;;
CHIARPESCA 57;01029;CHIARPESCA  S.A.;potero;40;489-1385;Mar del Plata;;;;;;
CHIARPESCA 902;02110;CHIARPESCA  S.A.;potero;40;489-1385;Mar del Plata;;;;;;
CHIARPESCA 903;02109;CHIARPESCA  S.A.;potero;40;489-1385;Mar del Plata;;;;;;
CHIYO MARU NO.3;02987;CRUSTACEOS DEL SUR  S.A.;trampero;30;011-5218-4287;Ciudad Autónoma de Buenos Aires;;;;;;
CHOCO MARU 68;JA13;PESQUERA COMERCIAL  S.A.;potero;40;489-3030;Mar del Plata;;;;;;
CHOKYU MARU 18;2584;BAHIA GRANDE  S.A.;potero;40;011-5272-0850 / 5254-1133;Ciudad Autónoma de Buenos Aires;;;;;;
CINCOMAR 1;0439;CINCOMAR  S.A.;potero;40;011-4326-4991;Ciudad Autónoma de Buenos Aires;;;;;;
CINCOMAR 5;02351;CINCOMAR  S.A.;potero;40;011-4326-4991;Ciudad Autónoma de Buenos Aires;;;;;;
CIUDAD DE HUELVA;01519;CONARPESA  S.A.;fresquero;30;0280-445-1731 / 445-4536;Puerto Madryn;;;;;;
CIUDAD FELIZ;0910;CARAVON S.A.;fresquero;30;489-9404;Mar del Plata;;;;;;
CLAUDIA;02183;LUXMARINO  S.A.;potero;40;011-4342-2621;Ciudad Autónoma de Buenos Aires;;;;;;
CLAUDINA;02345;ARMADORA  ACRUX  S.A.;potero;40;011-4312-6470;Ciudad Autónoma de Buenos Aires;;;;;;
COALSA SEGUNDO;0790A;NIETOS de ANTONIO BALDINO;cong_merlucero;60;480-1639  /  489-0423;Mar del Plata;2do_Propietario;;;;;
COALSA SEGUNDO;0790;YUKEN  S.A.;cong_merlucero;60;011-5279-1302 / 5236-6069;Ciudad Autónoma de Buenos Aires;;;;;;
CODEPECA  I;0497;HARENGUS  S.A.;tangonero;30;0280-445-0822;Puerto Madryn;;;;;;
CODEPECA  II;0498;HARENGUS  S.A.;tangonero;30;0280-445-0822;Puerto Madryn;;;;;;
CODEPECA  III;0506;HARENGUS  S.A.;tangonero;30;0280-445-0822;Puerto Madryn;;;;;;
CODEPECA IV;01012A;RIMINIMARR  S.A.;tangonero;30;0280-445-2248;Puerto Madryn;2do_Propietario;;;;;
CODEPECA IV;01012;PEREIRA  ARGENTINA  S.A.;tangonero;30;0280-445-7377 / 447-2249;Puerto Madryn;;;;;;
COMANDANTE LUIS PIEDRABUENA;0767;COMANDANTE PIEDRABUENA  S.R.L.;fresquero;30;489-9404;Mar del Plata;;;;;;
COMETA;0919;VICARP  S.A.;fresquero;30;480-4378;Mar del Plata;;;;;;
CONARA I;0201;CONARPESA  S.A.;tangonero;30;0280-445-1731 / 445-4536;Puerto Madryn;;;;;;
CONARPESA I;0200;CONARPESA  S.A.;tangonero;30;0280-445-1731 / 445-4536;Puerto Madryn;;;;;;
CORAJE;0645;IBERCONSA  DE ARGENTINA  S.A.;;0;;Mar del Plata;;;;;;
CORAL  AZUL;06127;NOVAMAR  S.A.;potero;40;011-4345-6688;Ciudad Autónoma de Buenos Aires;;;;;;
CORAL BLANCO;06137;NOVAMAR  S.A.;potero;40;011-4345-6688;Ciudad Autónoma de Buenos Aires;;;;;;
CORMORAN;01611;ANTONIO BARILLARI  S.A.;tangonero;30;481-1173  / 489-0872;Mar del Plata;;;;;;
COSTAMAR;01549;INDUSTRIA  PESQUERA  PATAGONICA  S.A.;costero;4;0280-444-6577;Trelew;;;;;;
CRISTO REDENTOR;01185AB;FOOD PARTNERS PATAGONIA S.A.;fresquero;30;0280-4458579 / 5225;Puerto Madryn;3er_Propietario;;;;;
CRISTO REDENTOR;01185A;VEPEZ PART_NERS S.A.;fresquero;30;02962-41-5811;Puerto San Julian;2do_Propietario;;;;;
CRISTO REDENTOR;01185;PESQUERA DESEADO  S.A.;fresquero;30;0297-487-0884 / 0327 / 2407;Puerto Deseado;;;;;;
DASA 508;0499;PESQUERA  DONGAH  ARGENTINA  S.A.;potero;40;011-4815-5525;Ciudad Autónoma de Buenos Aires;;;;;;
DASA 757;02200;PESQUERA  DONGAH  ARGENTINA  S.A.;potero;40;011-4815-5525;Ciudad Autónoma de Buenos Aires;;;;;;
DEMOSTENES;0113;AGUA MARINA  S.A.;potero;40;011-4342-0605 / 5656 / 1709;Ciudad Autónoma de Buenos Aires;;;;;;
DESTINY;3209;WANCHESE ARGENTINA  S.A.;tangonero;30;;;;;;;;
DEPASUR  I;0330;CONARPESA  S.A.;potero;40;0280-445-1731 / 445-4536;Puerto Madryn;;;;;;
DEPEMAS 51;0239;DEPEMAS  S.A.;potero;40;011-4372-7909  /  4382-5382;Ciudad Autónoma de Buenos Aires;;;;;;
DEPEMAS 81;0281;PESQUERA ORION  S.A.;potero;40;011-4343-9327;Ciudad Autónoma de Buenos Aires;;;;;;
DESAFIO;0177A;CRESTAS  S.A.;fresquero;30;410-5170;Mar del Plata;2do_Propietario;;Agencia Maritima Almafitano ;4800274;amalfitanoycia@hotmail.com;Esteban Palestini 15530-6373
DESAFIO;0177;PESQUERA VERAZ  S.A.;fresquero;30;489-4624 / 489-0314 (astillero);Mar del Plata;;;;;;
DESEADO;01598;FLOTA AMARILLA RAWSON;costero;4;;Rawson;;;;;;
DIEGO PRIMERO;01725;PESQUERA DIEGO PRIMERO  S.A.;fresquero;30;;Mar del Plata;;;;;;
DON JUAN ALVAREZ;3300;CONARPESA  S.A.;congelador ;;;;;;;;;
DON  NATALIO;01183;14 DE JULIO  S.A.;fresquero;30;480-3545;Mar del Plata;;;;;;
DON AGUSTIN;0968;PESQUERA  MARGARITA  S.A.;fresquero;30;489-4645   /   489-2946;Mar del Plata;;;;;;
DON ANTONIO;0029;GIORNO  S.A.;fresquero;30;410-0051 / 0057;Mar del Plata;;;;;;
DON CARMELO;01320;MARFE  S.A.;costero;8;480-0102;Mar del Plata;;;Agencia Simonazzi Hugo Omar ;4800005;agenciasimonazzi@hotmail.com;
DON CAYETANO;0579;PEDRO MOSCUZZA e HIJOS  S.A.;fresquero;30;489-7287;Mar del Plata;;;Agencia Maritima Vidal;4890960;agencia@maritimavidal.com.ar;
DON FRANCISCO I;2562;EL MARISCO  S.A.;potero;40;489-0384;Mar del Plata;;;Agencia Maritima SEÑORANS;480-7779 - HERNAN;agenciasenoransmdp@yahoo.com;Armador Bruno Laurenco-223-6876778
DON GAETANO;071AB;LINEAERRE  S.A.;fresquero;30;480-0312;Mar del Plata;3er_Propietario;;;;;
DON GAETANO;071A;ROLAR S.A.;fresquero;30;;Mar del Plata;2do_Propietario;;;;;
DON GAETANO;071;LINEAERRE  S.A.;fresquero;30;480-0312;Mar del Plata;;;;;;
DON GIULIANO;02025;FLOTA AMARILLA RAWSON;costero;4;;Rawson;;;;;;
DON JOSE;00892;VENTO DI TERRA  S.A.;costero;8;;Mar del Plata;;;;;;
DON JOSE DI BONA;02241;PROA  AL SUR  S.R.L.;costero;4;;Rawson;;;;;;
DON JUAN;01397;PESQUERA DON JUAN  S.A.;tangonero;30;;;;;;;;
DON JUAN D´AMBRA;5174;PESCA ANGELA  S.A.;fresquero;30;626-2236 /37;Mar del Plata;;;;;;
DON LUCIANO;069;TATURIELLO  S.A.;fresquero;30;489-3833;Mar del Plata;;;;;;
DON LUIS I;02093;PESQUERA CERES  S.A.;potero;40;410-0051 / 7;Mar del Plata;;;;;;
DON MIGUEL 1°;0748;PESQUERA EL NAZARENO;fresquero;30;489-9414 (of. Pers. Emb.);Mar del Plata;;;Consultora Maritima Merlini;4895032 Emanuel ;operacionesconsultoramaritima@gmail.com;
DON NICOLA;0893;PEZ ESPADA  S.A.;fresquero;30;480-0846;Mar del Plata;;Pez Espada S.A;;;;
DON OSCAR;02184;FLOTA AMARILLA RAWSON;costero;4;;Rawson;;;Agencia Simonazzi Hugo Omar ;4800005;agenciasimonazzi@hotmail.com;
DON PEDRO;068;PEDRO MOSCUZZA e HIJOS  S.A.;cong_merlucero;60;489-7287;Mar del Plata;;;;;;
DON RAIMUNDO;01431;DON RAIMUNDO S.R.L.;fresquero;10;489-3780;Mar del Plata;;;;;;
DON ROMEO ERSINI;0972;PESQUERA  MARGARITA  S.A.;fresquero;30;489-4645   /   489-2946;Mar del Plata;;;Agencia Smiriglio;4891553-154179360-154179860-154179062;agenciasmiriglio@speedy.com.ar;
DON SANTIAGO;01733A;BUENA PROA S.A.;fresquero;10;480-6611;Mar del Plata;2do_Propietario;;;;;
DON SANTIAGO;01733;SAN JORGE S.A.;fresquero;10;480-6611;Mar del Plata;;;;;;
DON TOMASSO;02310;FLOTA AMARILLA RAWSON;costero;4;;Rawson;;;;;;
DON TURI;01540;DON TURI  S.A.;fresquero;30;;Mar del Plata;;;;;;
DON VICENTE VUOSO;0539;VUOSO HNOS. S.R.L.;fresquero;30;;Mar del Plata;;;;;;
DOÑA ALFIA;0512;ANTONIO BARILLARI  S.A.;fresquero;30;481-1173  / 489-0872;Mar del Plata;;;;;;
Dr. EDUARDO L. HOLMBERG;061F;INIDEP;Investigación;24;451-7442 ó 486-2586 int 162;Mar del Plata;buque_investigación;;;;;
DUKAT;02775;CRUSTACEOS DEL SUR  S.A.;trampero;30;011-5218-4287;Ciudad Autónoma de Buenos Aires;;;;;;
ECHIZEN MARU;0326;PESANTAR  S.A. ( Empresa Pesq de la Patagonia y Antartida );cong_austral;60;02901-43-3449 / 43-0008 / 43-0708;Ushuaia;;;;;;
EL MALO I;02350;NOGALES NOGALES  S. De HECHO;tangonero;4;;Rawson;;;Agencia Maritima Vidal;4890960;agencia@maritimavidal.com.ar;
EL MARISCO I;0912;EL MARISCO  S.A.;fresquero;30;489-0384;Mar del Plata;;;Agencia Maritima Vidal;4890960;agencia@maritimavidal.com.ar;
EL MARISCO II;0915;EL MARISCO  S.A.;fresquero;30;489-0384;Mar del Plata;;;;;;
EL SANTO;05970A;GAAD GROUP S.A.;costero;0;480-9327;Mar del Plata;2do_Propietario;;;;;
EL SANTO;05970;VUOGAFE  S.A.;costero;0;0297-155-940853;Puerto Deseado;;;;;;
EMILIA MARIA;01390;COSTA BRAVA  S.A.;costero;10;489-7538;Mar del Plata;;;;;;
EL MARISCO I;01437;EMPESUR  S.A.;tangonero;30;011-4312-0123;Ciudad Autónoma de Buenos Aires;;;;;;
EMPESUR II;01439;EMPESUR  S.A.;tangonero;30;011-4312-0123;Ciudad Autónoma de Buenos Aires;;;;;;
EMPESUR III;01438;EMPESUR  S.A.;tangonero;30;011-4312-0123;Ciudad Autónoma de Buenos Aires;;;;;;
EMPESUR V;02650;EMPESUR  S.A.;tangonero;30;011-4312-0123;Ciudad Autónoma de Buenos Aires;;;;;;
EMPESUR VI;02983;EMPESUR  S.A.;tangonero;30;011-4312-0123;Ciudad Autónoma de Buenos Aires;;;;;;
EMPESUR VII;03045;EMPESUR  S.A.;tangonero;30;011-4312-0123;Ciudad Autónoma de Buenos Aires;;;;;;
El marisco s.a;02070;FISHING WORLD  S.A.;tangonero;30;0280-445-6533;Puerto Madryn;;;Agencia Simonazzi Hugo Omar ;4800005;agenciasimonazzi@hotmail.com;
ENTRENA UNO;02069;FOOD ARTS  S.A.;tangonero;30;POR MAILlazuaje@foodarts.com.ar;Ciudad Autónoma de Buenos Aires;;;;;;
ERIN BRUCE;0537;WANCHESE ARGENTINA  S.A.;vieira;30;489-1236;Mar del Plata;;;;;;
ERIN BRUCE II;;;vieira;;;;;;;;;
ESAMAR N° 4;0467;ESAMAR  S.A.;potero;40;011-4393-8431;Ciudad Autónoma de Buenos Aires;;;;;;
ESPADARTE;02048;PESQUERA DESEADO  S.A.;potero;40;0297-487-0884 / 0327 / 2407;Puerto Deseado;;;;;;
ESPERANZA 909;02577;CHIARPESCA  S.A.;potero;40;489-1385;Mar del Plata;;;;;;
ESPERANZA DEL SUR;02751;PESANTAR  S.A. ( Empresa Pesq de la Patagonia y Antartida );surimero;60;02901-43-3449 / 43-0008 / 43-0708;Ushuaia;;;;;;
ESPERANZA DOS;06264;ESPERANZA DEL MAR  S.A.;potero;40;011-4328-8696;Ciudad Autónoma de Buenos Aires;;;;;;
ESPERANZA UNO;06113;ESPERANZA DEL MAR  S.A.;potero;40;011-4328-8696;Ciudad Autónoma de Buenos Aires;;;;;;
ESTEFANY;001A;GRUPO VETA S.A;costero;15;;Mar del Plata;2do_Propietario;;;;;
ESTEFANY;001;GIORNO  S.A.;costero;15;410-0051 / 0057;Mar del Plata;;;;;;
ESTEIRO;6328;BALDIMAR  S.A.;fresquero;30;489-6522;Mar del Plata;;;;;;
ESTHER 153;02058;ARPEPA  M.C.I.S.A.;potero;40;011-4382-1605;Ciudad Autónoma de Buenos Aires;;;;;;
ESTRELLA N° 5;0246;HANSUNG AR  S.A.;potero;40;011-4816-2022;Ciudad Autónoma de Buenos Aires;;;;;;
ESTRELLA N° 6;012;HANSUNG AR  S.A.;potero;40;011-4816-2022;Ciudad Autónoma de Buenos Aires;;;;;;
ESTRELLA N° 8;0242;HANSUNG AR  S.A.;potero;40;011-4816-2022;Ciudad Autónoma de Buenos Aires;;;;;;
FE EN PESCA;0226;ASARO HNOS.  S.A.;;0;;Mar del Plata;;;;;;
FEDERICO C ;3190;PESQUERA VERAZ  S.A.;TANGONERO;;;;;;;;;
FEIXA;0529A;MARITIMA COMERCIAL  S.A.;fresquero;30;480-3596;Mar del Plata;2do_Propietario;;;;;
FEIXA;0529;ANTONIO BARILLARI  S.A.;fresquero;30;481-1173  / 489-0872;Mar del Plata;;;;;;
FELIX AUGUSTO;0581;CONARPESA  S.A.;tangonero;30;0280-445-1731 / 445-4536;Puerto Madryn;;;;;;
FERNANDO ALVAREZ;0013;CONARPESA  S.A.;tangonero;30;0280-445-1731 / 445-4536;Puerto Madryn;;;;;;
FLORIDABLANCA;0969;DESAFIO  S.A.;fresquero;30;489-4788 / 3659;Mar del Plata;; ;;;;
FLORIDABLANCA II;0252;PESQUERA SAN ISIDRO S.A.;tangonero;30;0280-447-2697;Puerto Madryn;;;;;;
FLORIDABLANCA IV;0255A;NEDAR  S.A.;tangonero;30;0280-445-5225;Puerto Madryn;2do_Propietario;;;;;
FLORIDABLANCA IV;0255;MARITIMA MONACHESI  S.A.;tangonero;30;0291-452-5913;Bahia Blanca;;;;;;
FONSECA;0920;FONSECA  S.A.;cong_merlucero;60;489-4645;Mar del Plata;;;Agencia Maritima Smiriglio;4891553-154179360-154179860-154179062;agenciasmiriglio@speedy.com.ar;
FRANCA;0495;AUGUSTA MEGARA  S.A.;fresquero;30;480-2260;Mar del Plata;;;;;;
FRANCO;01458;FRIGORIFICO DON LUIS  S.R.L.;fresquero;30;489-4645;Mar del Plata;;;;;;
FU YUAN YU 636;02195;BAHIA GRANDE  S.A.;potero;40;011-5272-0850 / 5254-1133;Ciudad Autónoma de Buenos Aires;;;;;;
FUEGUINO I;0331;CONARPESA  S.A.;potero;40;0280-445-1731 / 445-4536;Puerto Madryn;;;;;;
GALA;02722;DISTRIBUIDORA MARECHIARE S.R.L.;costero;15;;Mar del Plata;;;;;;
GALEMAR;0904;ANTONIO BARILLARI  S.A.;fresquero;30;481-1173  / 489-0872;Mar del Plata;; ;;;;
GAUCHO GRANDE;0339;VICARP  S.A.;;30;480-4378;Mar del Plata;;;Agencia Maritima Vidal;4890960;agencia@maritimavidal.com.ar;
GEMINIS;01421;PESQUERA GEMINIS  S.A.;cong_merlucero;60;410-0051 / 7;Mar del Plata;;;;;;
GIANFRANCO;01075;PIEA  S.A.;fresquero;30;489-6317 /489-1367;Mar del Plata;;;;;;
GIULIANA;02633;PESQUERA  MARGARITA  S.A.;potero;40;489-4645   /   489-2946;Mar del Plata;;;;;;
GLORIA DEL MAR 1º;01983;PESQUERA  DEL  ESTE  S.A.;potero;40;489-1567;Mar del Plata;;;Agencia Simonazzi Hugo Omar ;4800005;agenciasimonazzi@hotmail.com;
GRACIELA;0578;PEDRO MOSCUZZA e HIJOS  S.A.;fresquero;30;489-7287;Mar del Plata;;;;;;
GRACIELA I;3994;PEDRO MOSCUZZA e HIJOS  S.A.;fresquero;30;489-7287;Mar del Plata;;;;;;
GRAN CAPITAN;01538;ORTIGIA  S.A.;fresquero;30;489-2679;Mar del Plata;;;;;;
GURISES;01386;A.B.H. PESQUERA  S.A.;fresquero;30;489-6522;Mar del Plata;;;;;;
GUSTAVO R;0075;ARGEMER  S.A.;cong_merlucero;60;451-1247;Mar del Plata;;;;;;
HAMAZEN MARU N° 68;JA05;PESQUERA SANTA CRUZ  S.A.;potero;40;011-4305-4706;Ciudad Autónoma de Buenos Aires;;;;;;
HAMPON;01410;PESQUERA HAMPON S.R.L;costero;10;;Mar del Plata;;;;;;
HARENGUS;0510;HARENGUS  S.A.;cong_merlucero;60;0280-445-0822;Puerto Madryn;;;;;;
HOKO 31;05934;FARO DEL SUR TRADING  S.A.;potero;40;011-4555-4956;Ciudad Autónoma de Buenos Aires;;;;;;
HOPE N° 7;06130;ALUNAMAR  S.A.;potero;40;011-4382-4194;Ciudad Autónoma de Buenos Aires;;;Agencia Port Services SRL ;4808331/4808332;marinamdq@speedy.com.ar;Schang Tristan 223-156874028
HOYO MARU 37;JA01;ARGENOVA  S.A.;potero;40;0297- 487-0550  (447-2818  Com. Riv );Puerto Deseado;;;;;;
HSIANG LAI FU;80;EL MARISCO  S.A.;potero;40;489-0384;Mar del Plata;;;;;;
HUYU 961;;;;;;;;;;;;
HUYU 962;;;;;;;;;;;;
HU YU 906;03026;CHENG I  S.A.;potero;40;489-1385;Mar del Plata;;;;;;
HU YU 907;03027;CHENG I  S.A.;potero;40;489-1385;Mar del Plata;;;Agencia Simonazzi Hugo Omar ;4800005;agenciasimonazzi@hotmail.com;
HU YU 910;81;PEDRO MOSCUZZA e HIJOS  S.A.;potero;40;489-7287;Mar del Plata;;;;;;
HUA FENG 801;3013;ARDAPEZ  S.A.;potero;40;480-1561 / 480-1568 / 480-1549;Mar del Plata;;;;;;
HUA FENG 802;3014;ARDAPEZ  S.A.;Potero;40;480-1561 / 480-1568 / 480-1549;Mar del Plata;;;;;;
HUA I 616;0392;ARMADORA  ACRUX  S.A.;potero;40;011-4312-6470;Ciudad Autónoma de Buenos Aires;;;;;;
HUAFENG 815;0554A;PESQUERA CHIARMAR S.A.;tangonero;30;;Mar del Plata;2do_Propietario;;;;;
HUAFENG 820 (ex INFINITUS PEZ);01472A;MELIMAR S.A.;fresquero;30;;Mar del Plata;2do_Propietario;;;;;
HUAFENG 821 (ex INITIO PEZ);01471A;MELIMAR S.A.;fresquero;30;;Mar del Plata;2do_Propietario;;;;;
HUYU 962;03056;ALTAMARE  S.A.;potero;40;0280-445-7377 / 447-2249;Puerto Madryn;;;;;;
IARA;06207;PESQUERA MADRYN  S.A.;potero;40;011-4394-1452;Ciudad Autónoma de Buenos Aires;;;;;;
IGLU I;01423AB;FOOD PARTNERS PATAGONIA S.A.;fresquero;30;0280-4458579 / 5225;Puerto Madryn;3er_Propietario;;;;;
IGLU I;01423A;CHATKA PATAGONIA S.A.;fresquero;30;02962-41-5811;Puerto San Julian;2do_Propietario;;;;;
IGLU I;01423;GIORNO  S.A.;fresquero;30;410-0051 / 0057;Mar del Plata;;;;;;
ILLEX I;125;ILLEX  S.A.;potero;40;011-4393-6431;Ciudad Autónoma de Buenos Aires;;;Agencia Port Services SRL ;4808331/4808332;marinamdq@speedy.com.ar;Schang Tristan 223-156874028
INARI MARU N° 25;0261;ARGENOVA  S.A.;potero;40;0297- 487-0550  (447-2818  Com. Riv );Puerto Deseado;;;;;;
INFINITUS PEZ;01472;GIORNO  S.A.;fresquero;30;410-0051 / 0057;Mar del Plata;;;;;;
INITIO PEZ;01471;GIORNO  S.A.;fresquero;30;410-0051 / 0057;Mar del Plata;;;Agencia Simonazzi ;4800005;agenciasimonazzi@hotmail.com;
ITXAS LUR;0927;HISPANO PATAGONICA  S.A.;cong_merlucero;60;480-1002 / 489-3165 / 489-7144;Mar del Plata;;DANIEL VALENZUELA dav@moscuzza.com;;;;
JOLUMA;5403;ARDAPEZ  S.A.;fresquero;30;480-1561 / 480-1568 / 480-1549;Mar del Plata;;;Agencia Simonazzi Hugo Omar ;4800005;agenciasimonazzi@hotmail.com;
JOSE AMERICO;03071;PEDRO MOSCUZZA e HIJOS  S.A.;tangonero;30;489-7287;Mar del Plata;;;;;;
JOSE LUIS ALVAREZ;0618;PESQUERA SAN ISIDRO S.A.;tangonero;30;0280-447-2697;Puerto Madryn;;;;;;
JOSE MARCELO ;3138;PEDRO MOSCUZZA e HIJOS  S.A.;fresquero;30;;Mar del Plata;;;;;;
JUAN ALVAREZ;0619;PESQUERA SAN ISIDRO S.A.;tangonero;30;0280-447-2697;Puerto Madryn;;;;;;
JUAN PABLO II;02695;ISLA DE LOS ESTADOS  S.A.;costero;8;;Vivoratá;;;;;;
JUDITH I;0908;ANTONIO BARILLARI  S.A.;fresquero;30;481-1173  / 489-0872;Mar del Plata;;;;;;
JUEVES SANTO;0667A;PESQUERA SANTA CRUZ  S.A.;tangonero;30;011-4305-4706;Ciudad Autónoma de Buenos Aires;2do_Propietario;;;;;
JUEVES SANTO;0667;NUVCONSA  S.A.;tangonero;30;011-4305-4706;Ciudad Autónoma de Buenos Aires;;;Agencia Maritima Smiriglio;4891553-154179360-154179860-154179062;agenciasmiriglio@speedy.com.ar;
JUPITER II;0406;VENUS  PESQUERA S.R.L.;fresquero;30;489-0186;Mar del Plata;;;Agencia Simonazzi Hugo Omar ;4800005;agenciasimonazzi@hotmail.com;
KALEU KALEU;01963A;FOOD ARTS  S.A.;tangonero;30;POR MAILlazuaje@foodarts.com.ar;Ciudad Autónoma de Buenos Aires;2do_Propietario;;;;;
KALEU KALEU;01963;KALEU KALEU  S.A.;tangonero;30;011-3220-2130  / 5093-1215;Ciudad Autónoma de Buenos Aires;;;Agencia Simonazzi ;4800005;agenciasimonazzi@hotmail.com;
KANTXOPE;01065A;MARONTI  S.A.;fresquero;30;;Mar del Plata;2do_Propietario;Noelia -  223-156047118;;;;
KANTXOPE;01065;ANTONIO BARILLARI  S.A.;fresquero;30;481-1173  / 489-0872;Mar del Plata;;;;;;
KARINA;01462;FRIGORIFICO DON LUIS  S.R.L.;fresquero;30;489-4645;Mar del Plata;;;;;;
LAIA;06521;PESQUERA MADRYN  S.A.;potero;40;011-4394-1452;Ciudad Autónoma de Buenos Aires;;;;;;
LAIA;0254;MARCOPESA  S.A.;potero;40;0280-445-2929;Puerto Madryn;;;;;;
LANZA SECA;01181;LANZAMAR  S.A.;;0;;Mar del Plata;;;;;;
LATINA  N° 8;0291;ARGENOVA  S.A.;potero;40;0297- 487-0550  (447-2818  Com. Riv );Puerto Deseado;;;;;;
LEAL;0143;PESQUERA LEAL  S.A.;fresquero;30;489-4624 / 489-0314 (astillero );Mar del Plata;;;;;;
LEKHAN I;00752;LEKHAN I  S.R.L.;costero;8;;Mar del Plata;;;;;;
LETARE;0245;LUIS SOLIMENO e HIJOS  S.A.;fresquero;30;489-3030;Mar del Plata;;;;;;
LIBERTAD DEL MAR 1°;02186;TATURIELLO  S.A.;potero;40;489-3833;Mar del Plata;;;;;;
LING SHUI N° 3;02210;MUELLE OCHO  S.A.;potero;40;011-4381-1337;Ciudad Autónoma de Buenos Aires;;;;;;
LING SHUI N° 5;02211;MUELLE OCHO  S.A.;potero;40;011-4381-1337;Ciudad Autónoma de Buenos Aires;;;;;;
LUIGI;3244;LUIS SOLIMENO e HIJOS  S.A.;fresquero;30;;Mar del Plata;;;;;;
LUCA MARIO;0546;PESCASOL  S.A.;cong_merlucero;60;480-9608 / 481-0464;Mar del Plata;;;Agencia Maritima Almafitano ;4800274;amalfitanoycia@hotmail.com;Esteban Palestini 15530-6373
LUCA SANTINO;3121;CENTOMAR  S.A.;fresquero;30;;;;;;;;
LUCIA LUISA;0623;PESQUERA VERAZ  S.A.;fresquero;30;489-4624 / 489-0314 (astillero);Mar del Plata;;;;;;
LUNES SANTO;01132;IBERCONSA  DE ARGENTINA  S.A.;tangonero;30;0280-445-4324;Puerto Madryn;;;;;;
MADONNINA DEL MARE;01112;FABLED  S.A;costero;8;480-1565;Mar del Plata;;;;;;
MADRE DIVINA;01556;VUOSO HNOS. S.R.L.;costero;10;;Mar del Plata;;;;;;
MADRE INMACULADA;2378;ANTONIO BALDINO e HIJOS  S.A. (Saladero);Potero;40;489-6522  /489-0423;Mar del Plata;;;;;;
MADRE MARGARITA;02728;PESQUERA  MARGARITA  S.A.;fresquero;30;489-4645   /   489-2946;Mar del Plata;;;;;;
MAGDALENA MARIA  II;02208;ANTONIO BARILLARI  S.A.;fresquero;30;481-1173  / 489-0872;Mar del Plata;;;Agencia Simonazzi Hugo Omar ;4800005;agenciasimonazzi@hotmail.com;
MALVINAS ARGENTINAS;0577;PEDRO MOSCUZZA e HIJOS  S.A.;fresquero;30;489-7287;Mar del Plata;;;;;;
MAR  AUSTRAL  I;0208;PESQUERA DESEADO  S.A.;tangonero;30;0297-487-0884 / 0327 / 2407;Puerto Deseado;;;;;;
MAR AZUL;0934;CLARAMAR  S.A.;;;;;;;Agencia Maritima SEÑORANS;480-7779 - HERNAN;agenciasenoransmdp@yahoo.com;Armador Bruno Laurenco-223-6876778
MAR DEL CHUBUT;0487;ROMFIOC  SRL;fresquero;30;;Mar del Plata;;;Agencia Simonazzi ;4800005;agenciasimonazzi@hotmail.com;
MAR ESMERALDA;0925A;MARONTI  S.A.;fresquero;30;;Mar del Plata;2do_Propietario;;;;;
MAR ESMERALDA;0925;ANTONIO BARILLARI  S.A.;fresquero;30;481-1173  / 489-0872;Mar del Plata;;;;;;
MAR MARIA;02960;PESQUERA SANTA CRUZ  S.A.;tangonero;30;011-4305-4706;Ciudad Autónoma de Buenos Aires;;;;;;
MAR NOVIA 1;0115;CINCOMAR  S.A.;potero;40;011-4326-4991;Ciudad Autónoma de Buenos Aires;;;;;;
MAR NOVIA 2;0116;MIREMAR  S.A.;potero;40;011-4328-4963 / 4;Ciudad Autónoma de Buenos Aires;;;;;;
MAR SUR;0341;PESCARGEN  S.A.;tangonero;30;011-5219-0065 ó 5276-9499;Ciudad Autónoma de Buenos Aires;;;;;;
MARA I;0210A;ESTRELLA PATAGONICA S.A.;tangonero;30;0280-445-4407;Puerto Madryn;2do_Propietario;;;;;
MARA I;0210;PESCAPUERTA ARGENTINA  S.A.;tangonero;30;0280-445-4407;Puerto Madryn;;;;;;
MARA II;0209;PESCAPUERTA ARGENTINA  S.A.;tangonero;30;0280-445-4407;Puerto Madryn;;;;;;
MARBELLA;01073;MAR DE MESSINA  S.A.;fresquero;30;489-3824;Mar del Plata;;;;beagle1;;
MARCALA I;0532A;ANTONIO BALDINO e HIJOS  S.A. (Saladero);fresquero;30;489-6522  /489-0423;Mar del Plata;2do_Propietario;;;;;
MARCALA I;0532;PESANFLOR  S.A.;fresquero;30;489-6522;Mar del Plata;;;;;;
MARCALA IV;0351;MARCALA  S.A.;potero;40;011-4342-9601 / 4283;Ciudad Autónoma de Buenos Aires;;;;;;
MAREJADA;01107;VICARP  S.A.;tangonero;30;480-4378;Mar del Plata;;;;;;
MARGOT;0360A;A.B.H. PESQUERA  S.A.;fresquero;30;489-6522;Mar del Plata;2do_Propietario;;;;;
MARGOT;0360;GIORNO  S.A.;fresquero;30;410-0051 / 0057;Mar del Plata;;;Agencia Simonazzi Hugo Omar ;4800005;agenciasimonazzi@hotmail.com;
MARIA  EUGENIA;01173;PEDRO MOSCUZZA e HIJOS  S.A.;tangonero;30;489-7287;Mar del Plata;;;;;;
MARIA  FLORENCIA;05994;COSTA BRAVA  S.A.;costero;4;489-7538;Mar del Plata;;;Agencia Simonazzi Hugo Omar ;4800005;agenciasimonazzi@hotmail.com;
MARIA  LILIANA;01174;PEDRO MOSCUZZA e HIJOS  S.A.;cong_merlucero;60;489-7287;Mar del Plata;;;Agencia Maritima Solvox ;4893758;miguel-visoso@hotmail.com;Miguel o Lorena 154062254
MARIA RITA;0436;BAL - FISH  S.A.;fresquero;30;489-6522;Mar del Plata;;;;;;
MARIA ALEJANDRA 1º;03074;XEITOSIÑO S.A.;tangonero;30;410-0051 / 7;Mar del Plata;;;;;;
MARIA DEL VALLE;02126;FARO CHUBUT  S.R.L.;costero;4;0280-449-6311;Rawson;;;;;;
MARIA GLORIA;02738;CAYO LARGO  S.A.;fresquero;30;480-4378;Mar del Plata;;;;;;
MARIANELA;01002;AGLIANO  SRL;fresquero;30;480-2886;Mar del Plata;;;;;;
MARTA S;01001;WERZOWA  S.A.;costero;8;;Mar del Plata;;;;;;
MATACO II;02243;HAMALTAL  S.A.;cong_merlucero;60;0280-445-0822;Puerto Madryn;;;Agencia Simonazzi Hugo Omar ;4800005;agenciasimonazzi@hotmail.com;
MATEO I;02172A;FOOD ARTS  S.A.;potero;40;POR MAILlazuaje@foodarts.com.ar;Ciudad Autónoma de Buenos Aires;2do_Propietario;;;;;
MATEO I;02172;KALEU KALEU  S.A.;potero;40;011-3220-2130  / 5093-1215;Ciudad Autónoma de Buenos Aires;;;;;;
MELLINO I;0379;GIORNO  S.A.;fresquero;30;410-0051 / 0057;Mar del Plata;;;;;;
MELLINO II;01424A;OSTRAMAR  S.A.;fresquero;30;489-1959;Mar del Plata;2do_Propietario;;;;;
MELLINO II;01424;GIORNO  S.A.;fresquero;30;410-0051 / 0057;Mar del Plata;;;Agencia AMALFITANO;AVENIDA DE LOS PESCADORES 195;;
MELLINO VI;0378AB;ROTELLO 1741 S.A.;fresquero;30;489-2873;Mar del Plata;3er_Propietario;;;;;
MELLINO VI;0378A;ANTONIO BALDINO e HIJOS  S.A. (Saladero);fresquero;30;489-6522  /489-0423;Mar del Plata;2do_Propietario;;;;;
MELLINO VI;0378;GIORNO  S.A.;fresquero;30;410-0051 / 0057;Mar del Plata;;;;;;
MERCEA  C;0318;ALLELOCCIC  S.A.;;0;495-4467 / 480-8565;Mar del Plata;;;;;;
MESSINA I;01089;MAR DE MESSINA  S.A.;fresquero;30;489-3824;Mar del Plata;;;;;;
MEVIMAR;01508A;RIMINIMARR  S.A.;tangonero;30;0280-445-2248;Puerto Madryn;2do_Propietario;;;;;
MIERCOLES SANTO;0666A;PESQUERA SANTA CRUZ  S.A.;tangonero;30;011-4305-4706;Ciudad Autónoma de Buenos Aires;2do_Propietario;;;;;
MIERCOLES SANTO;0666;NUVCONSA  S.A.;tangonero;30;011-4305-4706;Ciudad Autónoma de Buenos Aires;;;;;;
MILLENNIUM;0466;PESQUERA CRUZ DEL SUR  S.A.;potero;40;011-4784-1760;Ciudad Autónoma de Buenos Aires;;;;;;
MINCHOS OCTAVO;03022;IBERCONSA  DE ARGENTINA  S.A.;tangonero;30;0280-445-4324;Puerto Madryn;;;;;;
NINA;3171;PEDRO MOSCUZZA e HIJOS  S.A.;tangonero;30;;;;;;;;
MINTA;02196A;CHIARPESCA  S.A.;Potero;40;489-1385;Mar del Plata;2do_Propietario;;;;;
MINTA;02196;LIYA  S.A.;potero;40;011-4964-2227;Ciudad Autónoma de Buenos Aires;;;;;;
MIRIAM;0370A;PESQUERA DESEADO  S.A.;tangonero;30;0297-487-0884 / 0327 / 2407;Puerto Deseado;2do_Propietario;;;;;
MIRIAM;0370;VIEIRA ARGENTINA  S.A.;tangonero;30;;Ciudad Autónoma de Buenos Aires;;;Agencia Simonazzi ;4800005;agenciasimonazzi@hotmail.com;
MISHIMA MARU N° 8;02175;BAL - FISH  S.A.;potero;40;489-6522;Mar del Plata;;;Agencia Maritima Almafitano ;4800274;amalfitanoycia@hotmail.com;Esteban Palestini 15530-6373
MISS PATAGONIA;0555;PESQUERA VERAZ  S.A.;tangonero;30;489-4624 / 489-0314 (astillero);Mar del Plata;;;Agencia Di Yorio ;4805743;agenciadiyorio@hotmail.com -joseph@hotmail.com;Jose Luis Astrada 15479246 o Mauro 154179243
MISS TIDE;02439;WANCHESE ARGENTINA  S.A.;vieira;30;489-1236;Mar del Plata;;;;;;
MISTER BIG;0534;WANCHESE ARGENTINA  S.A.;vieira;30;489-1236;Mar del Plata;;;;;;
MIURA MARU;05996;LIYA  S.A.;potero;40;011-4964-2227;Ciudad Autónoma de Buenos Aires;;;;;;
MONTE DE VIOS;0664;PESQUERA SANTA CRUZ  S.A.;tangonero;30;011-4305-4706;Ciudad Autónoma de Buenos Aires;;;;;;
MYRDOMA F;02771;LANZAR S.A.;tangonero;30;0280-445-6280;Puerto Madryn;;;Agencia Simonazzi Hugo Omar ;4800005;agenciasimonazzi@hotmail.com;
NANINA;02576;PEDRO MOSCUZZA e HIJOS  S.A.;potero;40;489-7287;Mar del Plata;;;Agencia Simonazzi Hugo Omar ;4800005;agenciasimonazzi@hotmail.com;
NATALIA;02066;PEDRO MOSCUZZA e HIJOS  S.A.;potero;40;489-7287;Mar del Plata;;;;;;
NAVEGANTES;0542;PESQUERA COMERCIAL  S.A.;cong_merlucero;60;489-3030;Mar del Plata;;;;;;
NAVEGANTES II;01451A;PESQUERA RIO QUEQUEN;potero;40;;Mar del Plata;2do_Propietario;;;;;
NAVEGANTES II;01451;PESQUERA COMERCIAL  S.A.;potero;40;489-3030;Mar del Plata;;;;;;
NAVEGANTES III;02065;PESQUERA COMERCIAL  S.A.;potero;40;489-3030;Mar del Plata;;;Agencia Maritima Almafitano ;4800274;amalfitanoycia@hotmail.com;Esteban Palestini 15530-6373
NDDANDDU;0141;PESQUERA VERAZ  S.A.;tangonero;30;489-4624 / 489-0314 (astillero);Mar del Plata;;;;;;
NEPTUNIA I;02125;FLOTA AMARILLA RAWSON;costero;4;;Rawson;;;Agencia Maritima SMIRIGLIO;4891553-154179360-154179860-154179062;agenciasmiriglio@speedy.com.ar;
NIÑO JESUS DE PRAGA ;3194;RITORNO SALLUSTIO Y CICCIOTTI  S.A.;fresquero;30;;Mar del Plata;;;;;;
NONO PASCUAL;02854;CANAL DE BEAGLE  S.R.L.;costero;10;480-4447 / 5004265 PASCUAL;Mar del Plata;;;;;;
NUEVA LUCIA MADRE;01501;NUEVA LUCIA MADRE  S.R.L.;costero;8;;Mar del Plata;;;;;;
NUEVA NEPTUNIA  1;02634;ORION S.R.L.;costero;4;;Rawson;;;;;;
NUEVO ANITA;02100;IBERCONSA  DE ARGENTINA  S.A.;tangonero;30;0280-445-4324;Puerto Madryn;;;;;;
NUEVO VIENTO;01449;NUEVO VIENTO  SRL;fresquero;30;480-8565;Mar del Plata;;;; ;;
OMEGA 3;01391;COSTA BRAVA  S.A.;costero;10;489-7538;Mar del Plata;;;;;;
ORION  2;01492;PESQUERA SANTA CRUZ  S.A.;potero;40;011-4305-4706;Ciudad Autónoma de Buenos Aires;;;norberto.lopez@iberconsa.com;;;
ORION  5;02637;PESQUERA SANTA CRUZ  S.A.;potero;40;011-4305-4706;Ciudad Autónoma de Buenos Aires;;;;;;
ORION I;01943A;PESQUERA CRUZ DEL SUR  S.A.;potero;40;011-4784-1760;Ciudad Autónoma de Buenos Aires;2do_Propietario;;;;;
ORION 1;01943;PESQUERA SANTA CRUZ  S.A.;potero;40;011-4305-4706;Ciudad Autónoma de Buenos Aires;;;;;;
ORION 3;02167;PESQUERA SANTA CRUZ  S.A.;potero;40;011-4305-4706;Ciudad Autónoma de Buenos Aires;;;;;;
ORYONG  756;02092;CONARPESA  S.A.;potero;40;0280-445-1731 / 445-4536;Puerto Madryn;;;;;;
PACHACA;02572;FLOTA AMARILLA RAWSON;costero;4;;Rawson;;;;;;
PADRE PIO;02822;RITORNO SALLUSTIO Y CICCIOTTI  S.A.;fresquero;30;480-5508;Mar del Plata;;;;;;
PAGRUS II;01393;COSTA BRAVA  S.A.;costero;4;489-7538;Mar del Plata;;;;;;
PAKU;0250;LUIS SOLIMENO e HIJOS  S.A.;tangonero;30;489-3030;Mar del Plata;;;;;;
PALOMA V;64;;palangrero;60;;;;;;;;
PAOLA  S;0557;;;30;;;;;;;;
PASA  82;0338;CONARPESA  S.A.;potero;40;0280-445-1731 / 445-4536;Puerto Madryn;;;;;;
PATAGONIA;0284AB;FOOD PARTNERS PATAGONIA S.A.;fresquero;30;0280-4458579 / 5225;Puerto Madryn;3er_Propietario;;;;;
PATAGONIA;0284A;CHATKA PATAGONIA S.A.;fresquero;30;02962-41-5811;Puerto San Julian;2do_Propietario;;;;;
PATAGONIA;0284;LUIS SOLIMENO e HIJOS  S.A.;fresquero;30;489-3030;Mar del Plata;;;;;;
PATAGONIA 1;02163;PATAGONIA  FISHING  S.A.;potero;40;011-4932-2777;Ciudad Autónoma de Buenos Aires;;;;;;
PATAGONIA 2;02164;PATAGONIA  FISHING  S.A.;potero;40;011-4932-2777;Ciudad Autónoma de Buenos Aires;;;;;;
PATAGONIA BLUES;02176;PESQUERA CRUZ DEL SUR  S.A.;potero;40;011-4784-1760;Ciudad Autónoma de Buenos Aires;;;;;;
PEDRITO;;;tangonero;;;;;;;;;
PELAGOS;83;PESQUERA SAN ISIDRO S.A.;potero;40;0280-447-2697;Puerto Madryn;;;;;;
PENSACOLA I;0747;FRANGELA  S.A.;tangonero;30;;Comodoro Rivadavia;;;;;;
PESCAPUERTA CUARTO;0171;PESCAPUERTA ARGENTINA  S.A.;cong_merlucero;60;0280-445-4407;Puerto Madryn;;;;;;
PESCAPUERTA QUINTO;0538;PESCAPUERTA ARGENTINA  S.A.;cong_austral;60;0280-445-4407;Puerto Madryn;;;;;;
PESCARGEN  V;078;PESCARGEN  S.A.;cong_merlucero;60;011-5219-0065 ó 5276-9499;Ciudad Autónoma de Buenos Aires;;;;;;
PESCARGEN III;021;PESCARGEN  S.A.;cong_merlucero;60;011-5219-0065 ó 5276-9499;Ciudad Autónoma de Buenos Aires;;;;;;
PESCARGEN IV;0150;PESCARGEN  S.A.;cong_merlucero;60;011-5219-0065 ó 5276-9499;Ciudad Autónoma de Buenos Aires;;;;;;
PESPASA  II;0212;PESPASA  S.A.;tangonero;30;0297-487-2030  int 12;Puerto Deseado;;;;;;
PESPASA I;0211;PESPASA  S.A.;tangonero;30;0297-487-2030  int 12;Puerto Deseado;;;;;;
PETREL;01445;OLAMAR  S.A.;fresquero;30;480-3573;Mar del Plata;;;;;;
PEVEGASA QUINTO;02312;PUNTA BUSTAMANTE  S.A.;tangonero;30;011-4305-4710 / 4712;Ciudad Autónoma de Buenos Aires;;;;;;
PIONEROS;02735A;BRICEL S.A.;fresquero;30;;Mar del Plata;2do_Propietario;;;;;
PIONEROS;02735;CALME  S.A.;fresquero;30;480-3545;Mar del Plata;;;;;;
POLARBORG I;02122;GRINFIN  S.A.;fresquero;30;011-4343-5626;Ciudad Autónoma de Buenos Aires;;;;;;
POLARBORG II;02117;GRINFIN  S.A.;fresquero;30;011-4343-5626;Ciudad Autónoma de Buenos Aires;;;Agencia Simonazzi ;4800005;agenciasimonazzi@hotmail.com;
PONTE CORUXO;0975A;CALETA OLI PAU  S.A.;fresquero;30;480-0312;Mar del Plata;2do_Propietario;lineaerrepesca@yahoo.com;;;;
PONTE CORUXO;0975;BAL - FISH  S.A.;fresquero;30;489-6522;Mar del Plata;;;;;;
PONTE DE RANDE;0244;COSTA MARINA  S.A.;cong_merlucero;60;480-9608 / 481-0464;Mar del Plata;;;;;;
PORTOBELO I;02699;FARO RECALADA  S.A;costero;8;480-2442;Mar del Plata;;;;;;
PORTOBELO II;02790;MARITIMA PORTO BELO  S.A.;costero;10;489-1553;Mar del Plata;;;;;;
PRINCIPE AZUL;;;costero;10;;Mar del Plata;;;;;;
PROMAC;4815;LUIS SOLIMENO e HIJOS  S.A.;fresquero;30;489-3030;Mar del Plata;;;;;;
PROMARSA I;072;ALPESCA  S.A.;tangonero;30;0280-447-4958 / 45-1069;Puerto Madryn;;;;;;
PROMARSA II;073;ALPESCA  S.A.;tangonero;30;0280-447-4958 / 45-1069;Puerto Madryn;;;;;;
PROMARSA III;02096;ALPESCA  S.A.;tangonero;30;0280-447-4958 / 45-1069;Puerto Madryn;;;;;;
PUENTE VALDEZ;02205;PEREIRA  ARGENTINA  S.A.;potero;40;0280-445-7377 / 447-2249;Puerto Madryn;;;;;;
PUENTE AMERICA;0164;PEREIRA  ARGENTINA  S.A.;fresquero;30;0280-445-7377 / 447-2249;Puerto Madryn;;;;;;
PUENTE CHICO;0756;PEREIRA  ARGENTINA  S.A.;tangonero;30;0280-445-7377 / 447-2249;Puerto Madryn;;;;;;
PUENTE MAYOR;02630;PEREIRA  ARGENTINA  S.A.;cong_merlucero;60;0280-445-7377 / 447-2249;Puerto Madryn;;;;;;
PUENTE SAN JORGE;0207A;ALTAMARE  S.A.;tangonero;30;0280-445-7377 / 447-2249;Puerto Madryn;2do_Propietario;;;;;
PUENTE SAN JORGE;0207;PEREIRA  ARGENTINA  S.A.;tangonero;30;0280-445-7377 / 447-2249;Puerto Madryn;;;;;;
PUENTE VALDES;02205A;ALTAMARE  S.A.;Potero;40;0280-445-7377 / 447-2249;Puerto Madryn;2do_Propietario;;;;;
PUERTO WILLIAMS;3178;DERIS  S.A.;cong_austral;60;+613 6224-8744;Punta Arenas -  Chile;;;;;;
PUNTA BALLENA;65;;palangrero;60;;;;;;;;
QUEQUEN SALADO;0580;PISCAL  S.A.;costero;4;;Rawson;;;;;;
RAFFAELA;01401A;AIRE MARINO  S.A.;fresquero;30;489-5652;Mar del Plata;2do_Propietario;;;;;
RAFFAELA;01401;PESQUERA RAFFAELA  S.A.;fresquero;30;489-56574 int 203;Mar del Plata;;;;;;
RAQUEL;01074;PIEA  S.A.;fresquero;30;489-6317 /489-1367;Mar del Plata;;;;;;
REPUNTE;01120;OSTRAMAR  S.A.;fresquero;30;489-1959;Mar del Plata;;;;;;
REYES DEL MAR II;0408;AGUA MARINA  S.A.;potero;40;011-4342-0605 / 5656 / 1709;Ciudad Autónoma de Buenos Aires;;;;;;
RIBAZON DORINE;0921;KALEU KALEU  S.A.;fresquero;30;011-3220-2130  / 5093-1215;Ciudad Autónoma de Buenos Aires;;;;;;
RIBAZON INES;0751;SOUTH FISH  S.A.;fresquero;30;480-5202;Mar del Plata;;;;;;
RIGEL;0266;LUIS SOLIMENO e HIJOS  S.A.;costero;10;489-3030;Mar del Plata;;;;;;
ROCIO DEL MAR;01568;ROCIO DEL MAR  S.A.;fresquero;15;;Mar del Plata;;;;;;
ROSARIO  G;0549;CONARPESA  S.A.;tangonero;30;0280-445-1731 / 445-4536;Puerto Madryn;;;;;;
RUMBO ESPERANZA;01211;CAPAC  SRL;tangonero;30;0297-446-1499  /  444-2233;Comodoro Rivadavia;;;;;;
RYOUN MARU N° 17;JA06-03;BAHIA GRANDE  S.A.;potero;40;011-5272-0850 / 5254-1133;Ciudad Autónoma de Buenos Aires;;;Agencia Maritima Smiriglio;4891553-154179360-154179860-154179062;agenciasmiriglio@speedy.com.ar;
SALVADOR R;02755;URBIPEZ  S.A.;fresquero;30;4892793;Mar del Plata;urbipezsa@espeedy.com.ar;;;;;
SAN ANDRES APOSTOL;0569;PESANFLOR  S.A.;fresquero;30;489-6522;Mar del Plata;;;;;;
SAN ANTONINO;0375;SEA FISH  S.A.;fresquero;30;480-0336;Mar del Plata;;;Natalia Cedrato;51-11-65337853;;
SAN ARAWA II;02098;SAN ARAWA  S.A.;cong_austral;60;492-2216 / 492-0450;Mar del Plata;;;; ;;
SAN BENEDETTO;02643;PESQUERA SAN BENEDETTO  S.A.;costero;8;;Mar del Plata;;;;;;
SAN GENARO;0763;LESAUMON  S.A.;costero;10;;Mar del Plata;;;;;;
SAN JUAN B ;;;;;;;;;;;;
SAN JORGE MARTIR;02152;PESANFLOR  S.A.;fresquero;30;489-6522;Mar del Plata;;;;;;
SAN LUCAS  I;06147;AGUA MARINA  S.A.;potero;40;011-4342-0605 / 5656 / 1709;Ciudad Autónoma de Buenos Aires;;;;;;
SAN MATEO;06306;IBERPESCA  S.A.;potero;40;0280-449-8176;Rawson;;;;;;
SAN MATIAS;0289;PESCA  ANTIGUA  S.A.;fresquero;30;489-2340;Mar del Plata;;;;;;
SAN PABLO;0759;PRODUCTORA ARGEN-PESCA  S.A.;fresquero;30;480-1444;Mar del Plata;;;;;;
SAN PASCUAL;0367;BUENOS AIRES PESCA  S.A.;fresquero;30;489-6522;Mar del Plata;;;;;;
SAN PEDRO APOSTOL;01975;GAAD GROUP S.A.;costero;10;480-9327;Mar del Plata;;;;;;
SANT ANTONIO;0974;A.B.H. PESQUERA  S.A.;fresquero;30;489-6522;Mar del Plata;;;Agencia Merlini;4895032;operacionesconsultoramaritima@gmail.com.ar;
SANTA  BARBARA;5857;PESCA ANGELA  S.A.;fresquero;30;626-2236 /37;Mar del Plata;;;;;;
SANTA ANGELA;009;OSTRAMAR  S.A.;fresquero;30;489-1959;Mar del Plata;;;;;;
SANTIAGO  I;02280;FISHING WORLD  S.A.;;0;0280-445-6533;Puerto Madryn;;;;;;
SCIROCCO;2574;PESQUERA COMERCIAL  S.A.;potero;40;489-3030;Mar del Plata;;;;;;
SCOMBRUS;0509;KALEU KALEU  S.A.;fresquero;30;011-3220-2130  / 5093-1215;Ciudad Autónoma de Buenos Aires;;;;;;
SCOMBRUS  II;02245;HARENGUS  S.A.;tangonero;30;0280-445-0822;Puerto Madryn;;;;;;
SERMILIK;0505;HARENGUS  S.A.;tangonero;30;0280-445-0822;Puerto Madryn;;;Agencia Smiriglio ;4891553-154179360-154179860-154179062;agenciasmiriglio@speedy.com.ar;
SFIDA;01567A;BUENA PROA S.A.;fresquero;30;480-6611;Mar del Plata;2do_Propietario;;;;;
SFIDA;01567;SAN JORGE S.A.;fresquero;30;480-6611;Mar del Plata;;;;;;
SHUNYO MARU 178;JA04;VIEIRA ARGENTINA  S.A.;potero;40;;Ciudad Autónoma de Buenos Aires;;;;;;
SIEMPRE DON JOSE MOSCUZZA;02257;FRESCOMAR ARGENTINA  S.A.;fresquero;30;489-7287;Mar del Plata;;;;;;
SIEMPRE DON VICENTE;02654;PESQUERA VIRGEN DE ITATI  S.R.L.;fresquero;30;480-2921;Mar del Plata;;;;;;
SIEMPRE SAN SALVADOR;00801;LOURDESMAR  S.R.L.;costero;8;476-2916;Mar del Plata;;;;;;
SIEMPRE SANTA ROSA;0494A;IBERCONSA  DE ARGENTINA  S.A.;fresquero;30;0280-445-4324;Puerto Madryn;2do_Propietario;;;;;
SIEMPRE SANTA ROSA;0494;GIORNO  S.A.;fresquero;30;410-0051 / 0057;Mar del Plata;;;;;  ;
SIEMPRE VIEJO PANCHO;2937;;costero;15;;;;;;;;
SIEMPRE VIEJO PANCHO;02937;VIEJO PANCHO S.A.;costero;10;;Mar del Plata;;;;;;
SIMBAD;0754;SOUTH FISH  S.A.;fresquero;30;480-5202;Mar del Plata;;;;;;
SIRIUS;0905;LOBA PESQUERA  S.A.M.C.I.;fresquero;30;489-0494  /  481-1814;Mar del Plata;;;Agencia Maritima Vidal;4890960;agencia@maritimavidal.com.ar;
SIRIUS II;0936;EL MARISCO  S.A.;fresquero;30;489-0384;Mar del Plata;;;Agencia Maritima Vidal;4890960;agencia@maritimavidal.com.ar;
SIRIUS III;0937;EL MARISCO  S.A.;fresquero;30;489-0384;Mar del Plata;;;Agencia Port Services SRL ;4808331/4808332;marinamdq@speedy.com.ar;Schang Tristan 223-156874028
SOHO MARU N 58;02611;ARGENOVA  S.A.;potero;40;0297- 487-0550  (447-2818  Com. Riv );Puerto Deseado;;;;;;
SOL MARINO;77;PESQUERA  20  DE NOVIEMBRE  S.A.;potero;40;011-4382-5011 / 4381-1337;Ciudad Autónoma de Buenos Aires;;;;;;
STELLA MARIS 1°;0926;ALIMENPEZ  S.A.;cong_merlucero;60;461-9200;Mar del Plata;;;;;;
SUEMAR;6186;CONGELADORES PATAGONICOS  S.A.;tangonero;30;0280-445-6280;Puerto Madryn;;;;;;
SUEMAR DOS;01508;CONGELADORES PATAGONICOS  S.A.;tangonero;30;0280-445-6280;Puerto Madryn;;;;;;
SUMATRA;01105;CALME  S.A.;fresquero;30;480-3545;Mar del Plata;;;;;;
SUR ESTE 501;01077;SUR ESTE ARGEN  S.A.;raya;30;011-4816-7648 / 4372-7605;Ciudad Autónoma de Buenos Aires;;;;;;
SUR ESTE 502;02201;SUR ESTE ARGEN  S.A.;potero;40;011-4816-7648 / 4372-7605;Ciudad Autónoma de Buenos Aires;;;;;;
SURIMI I;06143;FARO DEL SUR TRADING  S.A.;potero;40;011-4555-4956;Ciudad Autónoma de Buenos Aires;;;;;;
TABEIRON;02233;VIEIRA ARGENTINA  S.A.;tangonero;40;;Ciudad Autónoma de Buenos Aires;;;;;;
TABEIRON DOS;02323;PESQUERA DESEADO  S.A.;tangonero;30;0297-487-0884 / 0327 / 2407;Puerto Deseado;;;Natalia Cedrato;54-11-65337853;;
TAE BAEK 75;02364A;ILLEX FISHING S.A.;potero;40;;Mar del Plata;2do_Propietario;;;;;
TAE BAEK 75;02364;CONARPESA  S.A.;potero;40;0280-445-1731 / 445-4536;Puerto Madryn;;;;;;
TAE BAEK N° 606;02361;ESAMAR  S.A.;potero;40;011-4393-8431;Ciudad Autónoma de Buenos Aires;;;54 – 9 - 1141714381;;;
TAI AN;1530;PRODESUR S.A;surimero;60;492-2216 / 492-0450;Ciudad Autónoma de Buenos Aires;2do_Propietario;Gabriel Aramburu  - armador ;54 – 9 - 1141714381;;;
TAI AN;01530;SAN ARAWA  S.A.;surimero;60;492-2216 / 492-0450;Mar del Plata;;Gabriel Aramburu  - armador ;;;;
TAI SEI MARU N°8;02207A;MATTERA  HNOS.  S.A.;potero;40;480-5469;Mar del Plata;2do_Propietario;;;;;
TAI SEI MARU N°8;02207;CORPORACION DEL ATLANTICO SUR  S.A.;potero;40;011-4105-1133 int 30;Ciudad Autónoma de Buenos Aires;;;;;;
TALISMAN;02263;CENTOMAR  S.A.;trampero;30;011-4816-6245 / 6260  int  * 35;Ciudad Autónoma de Buenos Aires;;;;;;
TANGO I;02724;BENTONICOS DE ARGENTINA  S.A.;trampero;30;011-5258-2400 / 4407-8240;Ciudad Autónoma de Buenos Aires;;;;;;
TANGO II;02791;BENTONICOS DE ARGENTINA  S.A.;trampero;30;011-5258-2400 / 4407-8240;Ciudad Autónoma de Buenos Aires;;;Servicios maritimos;4891227;serviciosmaritimosmdq@gmail.com;
TESON;01541;RITORNO SALLUSTIO Y CICCIOTTI  S.A.;fresquero;30;480-5508;Mar del Plata;;;;;;
TIAN YUAN;02173;CORPORACION DEL ATLANTICO SUR  S.A.;potero;40;011-4105-1133 int 30;Ciudad Autónoma de Buenos Aires;;;;;;
TOBA MARU;0241;CONARPESA  S.A.;potero;40;0280-445-1731 / 445-4536;Puerto Madryn;;;;;;
TORNYY;240;CRUSTACEOS DEL SUR  S.A.;trampero;30;011-5218-4287;Ciudad Autónoma de Buenos Aires;;;;;;
TOZUDO;01219;CABO VERDE  S.A.;fresquero;30;489-4645;Mar del Plata;;;;;;
TRABAJAMOS;02904;DESEADO FISH  S.A.;costero;4;;Puerto Deseado;;;;;;
UCHI;01901AB;AGROPEZ  S.A.;tangonero;40;0280-445-1731 /4536;Puerto Madryn;3er_Propietario;;;;;
UCHI;01901A;CONARPESA  S.A.;tangonero;40;0280-445-1731 / 445-4536;Puerto Madryn;2do_Propietario;;;;;
UCHI;01901;PESQUERA SANTA ELENA S.A.I.C.;tangonero;30;011-4328-9909;Ciudad Autónoma de Buenos Aires;;;;;;
UNION;01539;RITORNO SALLUSTIO Y CICCIOTTI  S.A.;costero;10;480-5508;Mar del Plata;;;;;;
URABAIN;0612;IBERCONSA  DE ARGENTINA  S.A.;cong_merlucero;60;0280-445-4324;Puerto Madryn;;;   raul@maritimavidal.com.ar;               mariano@maritimavidal.com.ar;;
UR ERTZA;0377;LUIS SOLIMENO e HIJOS  S.A.;fresquero;30;489-3030;Mar del Plata;;               agencia@maritimavidal.com.ar;;;;
VALERIA DEL ATLANTICO;2098;ESTREMAR  S.A.;cong_austral;60;011-6533-7853 / 4345-1102;Ciudad Autónoma de Buenos Aires;;;;;;
VALIENTE I;0211A;EXPLOTACION PESQ. DE LA PATAGONIA  S.A.;tangonero;30;489-4624  /  489-0314 (astillero);Mar del Plata;2do_Propietario;;;;;
VALIENTE II;0212A;EXPLOTACION PESQ. DE LA PATAGONIA  S.A.;tangonero;30;489-4624  /  489-0314 (astillero);Mar del Plata;2do_Propietario;;agencia@maritimavidal.com.ar;;;
VENTARRON 1º;0749A;IBERCONSA  DE ARGENTINA  S.A.;cong_merlucero;60;0280-445-4324;Puerto Madryn;2do_Propietario;agencia VIDAL ;;;;
VENTARRON 1º;0479;ATUNERA  ARGENTINA  S.A.;cong_merlucero;60;0280-445-4324;Puerto Madryn;;;;;;
VERAZ;0144A;;fresquero;30;;;2do_Propietario;;Agencia Maritima Almafitano ;4800274;amalfitanoycia@hotmail.com;Esteban Palestini 15530-6373
VERAZ;0144;PESQUERA VERAZ  S.A.;fresquero;30;489-4624 / 489-0314 (astillero);Mar del Plata;;;;;;
VERDEL;0174;IBERMAR  S.A.;cong_merlucero;60;0291-457-2427;Bahia Blanca;;;;;;
VERONICA  ALEJANDRA  N;02292;FARO CHUBUT  S.R.L.;costero;4;0280-449-6311;Rawson;;;;;;
VICTOR ANGELESCU;062F;INIDEP;Investigación;30;451-7442 ó 486-2586 int 162;Mar del Plata;buque_investigación;;;;;
VICTORIA DEL MAR 1°;0929;RIPSA  S.A. ( ROSALES INDUSTRIAL PESQ. );potero;40;489-7881;Mar del Plata;;;;;;
VICTORIA I;0554;PEREIRA  ARGENTINA  S.A.;fresquero;30;0280-445-7377 / 447-2249;Puerto Madryn;;;;;;
VICTORIA II;0556;CRESTAS  S.A.;tangonero;30;410-5170;Mar del Plata;;;;;;
VICTORIA P;02246A;IBERCONSA  DE ARGENTINA  S.A.;tangonero;30;0280-445-4324;Puerto Madryn;2do_Propietario;;;;;
VICTORIA P;02246;PESQUERA SANTA ELENA S.A.I.C.;tangonero;30;011-4328-9909;Ciudad Autónoma de Buenos Aires;;;;;;
VIEIRASA  ONCE;0479;VIEIRA ARGENTINA  S.A.;;60;;Ciudad Autónoma de Buenos Aires;;;;;;
VIEIRASA DIECIOCHO;2563A;ARPEPA  M.C.I.S.A.;potero;40;011-4382-1605;Ciudad Autónoma de Buenos Aires;2do_Propietario;;;;;
VIEIRASA DIECIOCHO;2563;VIEIRA ARGENTINA  S.A.;potero;40;;Ciudad Autónoma de Buenos Aires;;;;;;
VIEIRASA DIECISEIS;0240;VIEIRA ARGENTINA  S.A.;tangonero;30;;Ciudad Autónoma de Buenos Aires;;;;;;
VIEIRASA DIECISIETE;2568A;BAHIA GRANDE  S.A.;potero;40;011-5272-0850 / 5254-1133;Ciudad Autónoma de Buenos Aires;2do_Propietario;;;;;
VIEIRASA DIECISIETE;2568;VIEIRA ARGENTINA  S.A.;potero;40;;Ciudad Autónoma de Buenos Aires;;;;;;
VIEIRASA QUINCE;0179;VIEIRA ARGENTINA  S.A.;tangonero;30;;Ciudad Autónoma de Buenos Aires;;;;;;
VIENTO DEL SUR;01858;PESPASA  S.A.;cong_austral;60;0297-487-2030  int 12;Puerto Deseado;;;;;;
VIENTO DEL SUR;01008;MARITIMA MONACHESI  S.A.;fresquero;30;0291-452-5913;Bahia Blanca;;;;;;
VILLARINO;02178A;BUENA VISTA  S.A.;potero;40;;Ciudad Autonoma de Buenos Aires;2do_Propietario;;;;;
VILLARINO;02178;PESCA AUSTRAL  S.A.;potero;40;02934-49-2111;San Antonio Oeste;;;;;;
VIRGEN DEL CARMEN;0550;MAR PURO  S.A.;fresquero;30;451-1830;Mar del Plata;;;;;;
VIRGEN DEL MILAGRO;02767;UNION PESQUERA PATAGONIA  S.A.;costero;4;;Puerto Deseado;;;;;;
VIRGEN DEL ROCIO;0194;ALPESCA  S.A.;tangonero;30;0280-447-4958 / 45-1069;Puerto Madryn;;;;;;
VIRGEN MARIA;0541;LUIS SOLIMENO e HIJOS  S.A.;fresquero;30;489-3030;Mar del Plata;;;;;;
VIRGEN MARIA INMACULADA;0369;;costero;10;;;;;;;;
WIRON  IV;01476;TATURIELLO  S.A.;fresquero;30;489-3833;Mar del Plata;;;;;;
XEITOSIÑO;0403A;XEITOSIÑO S.A.;cong_merlucero;60;410-0051 / 7;Mar del Plata;2do_Propietario;;;;;
XEITOSIÑO;0403;PESQUERA EL NAZARENO;cong_merlucero;60;489-9414 (of. Pers. Emb.);Mar del Plata;;;;;;
XIN SHI DAI N° 28;02165;MUELLE OCHO  S.A.;potero;40;011-4381-1337;Ciudad Autónoma de Buenos Aires;;;;;;
XIN SHI JI N° 25;03092;PESQUERA  20  DE NOVIEMBRE  S.A.;potero;40;011-4382-5011 / 4381-1337;Ciudad Autónoma de Buenos Aires;;;;;;
XIN SHI JI N° 88;02182;FENIX  INTERNATIONAL  S.A.;potero;40;011-4381-1337;Ciudad Autónoma de Buenos Aires;;;;;;
XIN SHI JI N° 89;02903;FENIX  INTERNATIONAL  S.A.;Potero;40;011-4381-1337;Ciudad Autónoma de Buenos Aires;;;;;;
XIN SHI JI N° 91;02924;FENIX  INTERNATIONAL  S.A.;potero;40;011-4381-1337;Ciudad Autónoma de Buenos Aires;;;;;;
XIN SHI JI N° 92;02930;FENIX  INTERNATIONAL  S.A.;Potero;40;011-4381-1337;Ciudad Autónoma de Buenos Aires;;;;;;
XIN SHI JI N° 95;02933;PESQUERA  20  DE NOVIEMBRE  S.A.;Potero;40;011-4382-5011 / 4381-1337;Ciudad Autónoma de Buenos Aires;;;Agencia Di Yorio;155-282636 - Facundo;;
XIN SHI JI N° 99;02181;FENIX  INTERNATIONAL  S.A.;potero;40;011-4381-1337;Ciudad Autónoma de Buenos Aires;;;;;;
XIN SHI JI Nº 98;02995;PESQUERA  20  DE NOVIEMBRE  S.A.;potero;40;011-4382-5011 / 4381-1337;Ciudad Autónoma de Buenos Aires;;;;;;
YAMATO;077;PESANTAR  S.A. ( Empresa Pesq de la Patagonia y Antartida );surimero;60;02901-43-3449 / 43-0008 / 43-0708;Ushuaia;;;;;;
YENU;0498A;MARITIMA MONACHESI  S.A.;tangonero;30;0291-452-5913;Bahia Blanca;2do_Propietario;;;;;
YOKO MARU;UY252;EMPESUR  S.A.;potero;40;011-4312-0123;Ciudad Autónoma de Buenos Aires;;;;;;
ZHOU YU YI HAO;CH251;VIEIRA ARGENTINA  S.A.;potero;40;;Ciudad Autónoma de Buenos Aires;;;;;;
HOLMBERG;7918189;INIDEP;Investigación;;;;;;;;;
MAR ARGENTINO;9883833;INIDEP;Investigación;;;;;;;;;
VICTOR ANGELESCU;9798820;INIDEP;Investigación;;;;;;;;;
